id,title,author,hide,img_path,alt_img_url,url,platform,date,data_type,data_value,data_desc
1,PriceTag应用推荐,,,/assets/img/archives/works-weibo-pricetag.jpg,,https://weibo.com/u/6087949803,weibo,2019/1/1,follow,44616,粉丝数量
2,捷径社区,,,/assets/img/archives/works-operation-sharecuts.jpg,,https://sharecuts.cn,operation,2019/1/2,user,hide,数据为 2020 年 6 月
3,Price Tag App,,,/assets/img/archives/works-operation-pricetag.jpg,,/assets/img/archives/works-operation-pricetag-hd.jpg,operation,2019/1/2,user,hide,数据为 2020 年 1 月
4,iOS 应用降级与 IPA 安装包备份,Roger,,/assets/img/archives/posts/7.jpeg,http://mmbiz.qpic.cn/mmbiz_jpg/zJW3JV68lpEyjibO3WWuwq4MViaTUWMqbszSKLzxhvzicvEGiabGe4JGia516D7Jo4pHo6XjZBib8Pz8bP55mV2C6xQA/0?wx_fmt=jpeg,https://mp.weixin.qq.com/s/MOY0RPM3qrsxW6OrTsUk7A,weixin,2020/3/8,visit,8060,
5,捷径社区 150+ 必用快捷指令推荐（2.0 版）,捷径社区,,/assets/img/archives/posts/4.jpeg,http://mmbiz.qpic.cn/mmbiz_jpg/NuXlhNuHE01UiaTBmOHlkI4xbWxsibicrgPthKuE1C4dRI56lY2ibxRabUG9RHunAxMFVic2hVCuGldoVVWXPd2fpibA/0?wx_fmt=jpeg,https://mp.weixin.qq.com/s/-y8d-65hRDNPXB13EWlMTA,weixin,2020/3/7,visit,31000,
6,奶牛快传：上传下载不限速，打开网页就能用的免费网盘,Roger,,/assets/img/archives/posts/8.jpeg,http://mmbiz.qpic.cn/mmbiz_jpg/zJW3JV68lpGic0wH5PAoV7SdFCCI9e3p04fqtDWNic1AqxYurQicZknIrGcXNJLyFlMJgJE9HTcs99DUyoOajhUCA/0?wx_fmt=jpeg,https://mp.weixin.qq.com/s/GHGYr3WB-wuL2QELwvR_7A,weixin,2020/2/27,visit,5133,
7,SideNotes：屏幕侧边栏的高效笔记应用,Roger,,/assets/img/archives/posts/9.jpeg,http://mmbiz.qpic.cn/mmbiz_jpg/zJW3JV68lpFNXtuB9rz6ICOtsXQ34ibWCibFHG8IjnRuiaYHdJSq7jFq018hib5JZmdpFzzduYLwkibUEBUtGbqu3EQ/0?wx_fmt=jpeg,https://mp.weixin.qq.com/s/E0--4V6lWRQjZ9ZEXcVGHw,weixin,2020/2/23,visit,7018,
8,网站视频下载工具 Downie 4 发布，新的变化以及老用户升级方法,Roger,,/assets/img/archives/posts/10.jpeg,http://mmbiz.qpic.cn/mmbiz_jpg/zJW3JV68lpE2bWjzotviaUVlMkWUS0nzMRPdwNss4atfxB63Wgy1KrkibE3EWK1qnr45koLb51Kx7wqwkzpPaE5w/0?wx_fmt=jpeg,https://mp.weixin.qq.com/s/ZAfRr23aB9D9T8v0CdrutA,weixin,2020/2/20,visit,5536,
9,TripMode：简单好用的软件联网控制，Mac 和 Windows 都能用,Roger,,/assets/img/archives/posts/11.jpeg,http://mmbiz.qpic.cn/mmbiz_jpg/zJW3JV68lpGOysWTpj9FEAe8Z3X3UW082xNdMtE8aqvGydSg8NHJZGRaz8Brna3zicQRomBiaxYPicC2Dfp25DXCA/0?wx_fmt=jpeg,https://mp.weixin.qq.com/s/gU7yQr14Mu-dpNfTmLQoFw,weixin,2020/2/16,visit,5377,
10,像编辑 Word 一样编辑 PDF：PDF Expert,Roger,,/assets/img/archives/posts/12.jpeg,http://mmbiz.qpic.cn/mmbiz_jpg/zJW3JV68lpHpucLTECBP6GStznsQIL99vPUIVhVweOd34IqD1ItsHxn6FhM59COOLUXyM2l4mJ7hDFfg8HL7qA/0?wx_fmt=jpeg,https://mp.weixin.qq.com/s/RYl_0URN28902cQkP_wpRQ,weixin,2020/2/9,visit,5585,
11,福利 ｜ MWeb 这几个好用的功能，你都试过吗？,Roger,,/assets/img/archives/posts/13.jpeg,http://mmbiz.qpic.cn/mmbiz_jpg/zJW3JV68lpG85EBoibBoicld0XuS01MBmqZp37yib8lIfpN2BVQuw70k5wUdW5Jr3ic5EVMia3K5ZddlfC0UscWmfSA/0?wx_fmt=jpeg,https://mp.weixin.qq.com/s/wJetLyhQRM99SMV7MhqBMw,weixin,2020/1/19,visit,3904,
12,福利 ｜ 用好白描这个冷门功能，效率再提 10%,Roger,,/assets/img/archives/posts/14.jpeg,http://mmbiz.qpic.cn/mmbiz_jpg/zJW3JV68lpEXGVf4hU7n19ibB0rJicntfC2aZEUj4PalibicpcwpKhFZrXficRKxV9RXeDP08zFC51ia83ahuramvD7A/0?wx_fmt=jpeg,https://mp.weixin.qq.com/s/k6j56gb19Ghbw-d9I7bzDQ,weixin,2020/1/12,visit,4486,
13,Price Tag 一周产品推荐 2019 年终汇总,Roger,,/assets/img/archives/posts/15.jpeg,http://mmbiz.qpic.cn/mmbiz_jpg/zJW3JV68lpEricLje3vWeeMXNUmNv8rricWVXsEb9XNE5eYrGV8FGBO55Mzd22WrCcdUic1Z36AlN7kVA3GsTHIAQ/0?wx_fmt=jpeg,https://mp.weixin.qq.com/s/k4nuXzhIKVA6cAKs93BTJA,weixin,2019/12/29,visit,3806,
14,淘宝商城,,,/assets/img/archives/works-store-taobao.jpg,,/assets/img/archives/works-store-taobao-hd.jpg,taobao,2020/3/7,follow,1625,
15,淘宝商城首页设计,,,/assets/img/archives/works-design-taobao.jpg,,/assets/img/archives/works-design-taobao-hd.jpg,taobao,,,,
16,有赞商城,,,/assets/img/archives/works-store-youzan.jpg,,,taobao,2020/3/7,user,hide,
17,双 12 购物节，Price Tag 数字商店年终促销优惠一帖看完,PriceTag发现好应用,,/assets/img/archives/posts/18.jpeg,http://mmbiz.qpic.cn/mmbiz_jpg/zJW3JV68lpH4YVBU07D94fmS8Ksvgu4FDfDs72VbPBSQB9icFpia0QYt1ZlHp1icQlhQF7uVHJjObIHiaMRjWesWhw/0?wx_fmt=jpeg,https://mp.weixin.qq.com/s/BuYWBgE6eGdbvshwbmKd8A,taobao,2019/12/11,visit,3375,
18,¹²/₈ Price Tag 团队本周体验了哪些产品,Roger,,/assets/img/archives/posts/19.jpeg,http://mmbiz.qpic.cn/mmbiz_jpg/zJW3JV68lpHic4iaqLdRk4qIqVF2FLYELC4zyu5TQibv3M1bkznhPJvIUiaGsDmRhmpvicvYeaeRA9Da6a2wtViaYtgQ/0?wx_fmt=jpeg,https://mp.weixin.qq.com/s/d4b9IUO03AKCgiQkPttEfA,weixin,2019/12/8,visit,2830,
19,活动最后 5 小时，今晚 12 点这些商品即将恢复原价,Roger,,/assets/img/archives/posts/21.jpeg,http://mmbiz.qpic.cn/mmbiz_jpg/zJW3JV68lpGJ3Wnf4wfYpBVYrzyIbQu0ysoc0Imj7axolR7Cd4PdsnvL12ibPzOnCSTu9X0JlXUKCTQoYgc85Og/0?wx_fmt=jpeg,https://mp.weixin.qq.com/s/tCE-Jz27mnR5NI9jbb4OZw,taobao,2019/11/12,visit,2457,
20,Price Tag 数字商店双十一活动最全合集，一帖看完，查漏补缺,Roger,,/assets/img/archives/posts/22.jpeg,http://mmbiz.qpic.cn/mmbiz_jpg/zJW3JV68lpHJAoFSwR8uCrgfkHRXK9NLjaB46FpWSGawR4gblNzS4UGjiblibgQLt15xbKb1NdRFwcw2hXect5cA/0?wx_fmt=jpeg,https://mp.weixin.qq.com/s/qOgVnvZTWS-FGJlAFE4e5Q,taobao,2019/11/11,visit,2679,
21,全年最低！这些 2 - 7 折超值商品最后的上车时间,Roger,,/assets/img/archives/posts/23.jpeg,http://mmbiz.qpic.cn/mmbiz_jpg/zJW3JV68lpEtczHIgMob1gZTHPw9ZW1BvJOUoZYvEY4OXVYkcrVU9NDXn4aicNkA6CfI0YKQI3ngwrFRRkRHsbQ/0?wx_fmt=jpeg,https://mp.weixin.qq.com/s/fIUnTT-usFrBJJFG99QYvQ,taobao,2019/11/10,visit,1410,
22,今年双十一活动，如何省钱还不费脑,Roger,,/assets/img/archives/posts/25.jpeg,http://mmbiz.qpic.cn/mmbiz_jpg/zJW3JV68lpHeqhz02VIvXqq0DRW2hibATYNTGu5r2TAibTm0HsKyBFvMNXbIR8ZkVKMCTOcTUmT6r6Yl4iadD9Sqw/0?wx_fmt=jpeg,https://mp.weixin.qq.com/s/-lzCwlERQYAnDHBX3VbsyA,taobao,2019/10/31,visit,3101,
23,快捷指令自动化可以做什么，不能做什么？,Roger,,/assets/img/archives/posts/5.jpeg,http://mmbiz.qpic.cn/mmbiz_jpg/NuXlhNuHE013GavlK2jIKQiaRQnTicakGxaRX0mTNgibdQicQmleDcYVapOsBAbdGjcCjs04xOduicicUjVRc3mDXeJw/0?wx_fmt=jpeg,https://mp.weixin.qq.com/s/FPBCNCEqw32zHtz67eqCrQ,weixin,2019/9/28,visit,3520,
24,了解这 5 个点，你也能玩转 iOS 13 快捷指令,捷径社区,,/assets/img/archives/posts/26.jpeg,http://mmbiz.qpic.cn/mmbiz_jpg/NuXlhNuHE00FCjgdARH5Z3v9N57CG3icpAjkibicm6IhzyRTX8fS9bVDyibbDKesABw74UucaickQ8Xp7lIBl8gBbgw/0?wx_fmt=jpeg,https://mp.weixin.qq.com/s/l_8Y1Co858sByltsxD1AWA,weixin,2019/9/24,visit,4824,
25,发布才 23 天，教你用 SwiftUI 制作完整 App 的教程来啦,Roger,,/assets/img/archives/posts/27.jpeg,http://mmbiz.qpic.cn/mmbiz_jpg/zJW3JV68lpHEVSeVESfL6OAhQhjDEzptRknch14qstBR3XkC3iaibbhzLkLsZy5fSUq3ksqWa73Flyicfh9SSh01Q/0?wx_fmt=jpeg,https://mp.weixin.qq.com/s/tVEK4w-lQg_cuKxGpLWOhg,weixin,2019/6/27,visit,3015,
26,618 购物节 Price Tag 数字商店福利活动一览,Roger,,/assets/img/archives/posts/28.jpeg,http://mmbiz.qpic.cn/mmbiz_jpg/zJW3JV68lpHMTdRuGPfDfDgCkRxMRSiaMibKiaJv9qwXibiaA6jY3n1r2C8WQW8c6CmrFpTYfiam4AEoiczs0dXV2yibpw/0?wx_fmt=jpeg,https://mp.weixin.qq.com/s/Vu3XKzRuma6KDoFPmzv1tg,taobao,2019/6/3,visit,2765,
27,小技巧 | 使用快捷指令下载 Instagram 照片及视频,Roger,,/assets/img/archives/posts/29.jpeg,http://mmbiz.qpic.cn/mmbiz_jpg/zJW3JV68lpFESq8JD5ka62uZQX7QTy1Z34GlyYVr7ibagUIqfWqoGy90Yqe1pUicCDytiagTJsbw3gEicTTZhL8Gicg/0?wx_fmt=jpeg,https://mp.weixin.qq.com/s/7iXG8pE2PeA1LgvjaLLNOA,weixin,2019/5/29,visit,2104,
28,捷径社区本周值得关注的 12 个快捷指令,Roger,,/assets/img/archives/posts/6.jpeg,http://mmbiz.qpic.cn/mmbiz_jpg/zJW3JV68lpHyGWfEkfdbTibMwMPtB0zFfU326Ovp9iaiakazPicpTIcZLvibe9VI8FTN9SBp1lqDBJiaTGeIxb7R4vJQ/0?wx_fmt=jpeg,https://mp.weixin.qq.com/s/NeI2Wyz-0dQFwU4HLRxVOQ,weixin,2019/4/21,visit,4585,
29,福利 | 世界读书日活动,PriceTag发现好应用,,/assets/img/archives/posts/31.jpeg,http://mmbiz.qpic.cn/mmbiz_jpg/zJW3JV68lpHlkVcJguSwRBH021vdiccj91fv2qo67DZxuU5QwfH2jic3bTRexbT2MqVibjRbst6kXTFdmdo2IexFg/0?wx_fmt=jpeg,https://mp.weixin.qq.com/s/hZU77AK3KHbtSN95NaEVpQ,taobao,2019/4/20,visit,2634,
30,快捷指令 2.2 版本发布，更新内容一帖看完,Roger,,/assets/img/archives/posts/33.jpeg,http://mmbiz.qpic.cn/mmbiz_jpg/NuXlhNuHE02RP151iaGFf5z6no5aicGLJxGHT40sQ4cS0KqdFia3aTwWShaBsh4UPzIdJNNaznRLHzn0JufBO51Nw/0?wx_fmt=jpeg,https://mp.weixin.qq.com/s/4x2SqzvIgS8GRoKe1rS4FQ,weixin,2019/3/27,visit,3978,
31,应用日报 | PhotoX Pro 动态壁纸限免，网易新游「代号SSR」内测预约,Roger,,/assets/img/archives/posts/zJFBBg.jpeg,http://mmbiz.qpic.cn/mmbiz_jpg/zJW3JV68lpFsibyQQzpDNTYDjkV5x555GjoLGzzhib1jgb15o5SugwaT20W3TrDaPSUKnKRQpKibVnEzPe5AicjfTA/0?wx_fmt=jpeg,https://mp.weixin.qq.com/s/SPhmBMCUZ3d-UEdvzJFBBg,weixin,2019/2/19,visit,3176,
32,应用日报 | App Store 年度国产应用奖项揭晓，2018 年你都玩过哪些？,Roger,,/assets/img/archives/posts/9c3epA.jpeg,http://mmbiz.qpic.cn/mmbiz_jpg/zJW3JV68lpEhacBRozv7Ws7icKn4C85rvkNr2AIQpzMH6hWpOcErTAGpUhianw6Uqm19feSrZrvB3NHGmQhVgG9g/0?wx_fmt=jpeg,https://mp.weixin.qq.com/s/iZ_Sby-7fQ_ypDYG9c3epA,weixin,2018/12/7,visit,1615,
33,应用日报 | 你的黑五 App 剁手指南,Roger,,/assets/img/archives/posts/35.jpeg,http://mmbiz.qpic.cn/mmbiz_jpg/zJW3JV68lpE2Kcuah9WeBjdEoiccjfTRzgIlQmJIG9zAicn4CkFXsEGsVpGm39626X4Vharep3c4gSianB0eN2iaRQ/0?wx_fmt=jpeg,https://mp.weixin.qq.com/s/n9ANUChoZlh-h5rYhETJaQ,weixin,2018/11/21,visit,3220,
34,Price Tag 数字商店双十一活动已经开始，来看看有哪些降价商品吧,Roger,,/assets/img/archives/posts/34.jpeg,http://mmbiz.qpic.cn/mmbiz_jpg/zJW3JV68lpFNDibCMBR6Gu5Be3uugCe4ibSeQXyNnez6dsPESDmIpgHLdTeKeiaibdkprtfnLdHziaVibJvnpEzQ4epg/0?wx_fmt=jpeg,https://mp.weixin.qq.com/s/qFet-PFKOXtgcq_pczYkjQ,taobao,2018/11/6,visit,768,